{
  "ICN": [
    126.45099639892578,
    37.46910095214844
  ],
  "NRT": [
    140.386001587,
    35.7647018433
  ],
  "HNL": [
    -157.924228,
    21.32062
  ],
  "GMP": [
    126.791,
    37.5583
  ],
  "KWJ": [
    126.805444,
    35.123173
  ],
  "LHR": [
    -0.461941,
    51.4706
  ],
  "PRG": [
    14.26,
    50.1008
  ],
  "SFO": [
    -122.375,
    37.61899948120117
  ],
  "ABQ": [
    -106.609001,
    35.040199
  ],
  "HAN": [
    105.80699920654297,
    21.221200942993164
  ],
  "SGN": [
    106.652000427,
    10.8187999725
  ],
  "SHA": [
    121.33599853515625,
    31.197900772094727
  ],
  "LAX": [
    -118.4079971,
    33.94250107
  ],
  "SLC": [
    -111.97799682617188,
    40.78839874267578
  ],
  "MDW": [
    -87.752403,
    41.785999
  ],
  "ANC": [
    -149.99600219726562,
    61.174400329589844
  ],
  "YVR": [
    -123.183998108,
    49.193901062
  ],
  "MCO": [
    -81.30899810791016,
    28.429399490356445
  ],
  "SEA": [
    -122.308998,
    47.449001
  ],
  "IAD": [
    -77.45580292,
    38.94449997
  ],
  "LAS": [
    -115.1520004,
    36.08010101
  ],
  "SNA": [
    -117.8679962,
    33.67570114
  ],
  "PHX": [
    -112.01200103759766,
    33.43429946899414
  ],
  "SJC": [
    -121.929001,
    37.362598
  ],
  "BOS": [
    -71.00520325,
    42.36429977
  ],
  "JFK": [
    -73.77890015,
    40.63980103
  ],
  "HND": [
    139.779999,
    35.552299
  ],
  "LGB": [
    -118.1520004,
    33.81769943
  ],
  "DEN": [
    -104.672996521,
    39.861698150635
  ],
  "FLL": [
    -80.152702,
    26.072599
  ],
  "KIX": [
    135.24400329589844,
    34.42729949951172
  ],
  "PEK": [
    116.58499908447266,
    40.080101013183594
  ],
  "ARN": [
    17.918600082397,
    59.651901245117
  ],
  "KEF": [
    -22.605600357056,
    63.985000610352
  ],
  "YTZ": [
    -79.396202,
    43.627499
  ],
  "MAD": [
    -3.56264,
    40.471926
  ],
  "VLC": [
    -0.481625,
    39.4893
  ],
  "SVQ": [
    -5.8931097984313965,
    37.417999267578125
  ],
  "RAK": [
    -8.03629970551,
    31.606899261499997
  ],
  "FEZ": [
    -4.977960109709999,
    33.9272994995
  ],
  "BCN": [
    2.07846,
    41.2971
  ],
  "YUL": [
    -73.7407989502,
    45.4706001282
  ],
  "PVG": [
    121.80500030517578,
    31.143400192260742
  ],
  "PAE": [
    -122.2819977,
    47.90629959
  ],
  "OAK": [
    -122.221001,
    37.721298
  ],
  "MIA": [
    -80.29060363769531,
    25.79319953918457
  ],
  "CJU": [
    126.49299621582031,
    33.51129913330078
  ],
  "BNA": [
    -86.6781997680664,
    36.1245002746582
  ],
  "LGA": [
    -73.87259674,
    40.77719879
  ],
  "BZN": [
    -111.1529999,
    45.77750015
  ],
  "EWR": [
    -74.168701171875,
    40.692501068115234
  ],
  "AUA": [
    -70.015198,
    12.5014
  ],
  "MSY": [
    -90.25800323486328,
    29.99340057373047
  ],
  "ATL": [
    -84.428101,
    33.6367
  ],
  "YYZ": [
    -79.63059997559999,
    43.6772003174
  ],
  "BUF": [
    -78.73220062,
    42.94049835
  ],
  "ORD": [
    -87.9048,
    41.9786
  ],
  "DCA": [
    -77.037697,
    38.8521
  ],
  "AMS": [
    4.76389,
    52.308601
  ],
  "SAV": [
    -81.20210266,
    32.12760162
  ],
  "CDG": [
    2.55,
    49.012798
  ],
  "ZRH": [
    8.54917,
    47.464699
  ],
  "GVA": [
    6.108950138092041,
    46.23809814453125
  ],
  "AUS": [
    -97.6698989868164,
    30.194499969482422
  ],
  "LIS": [
    -9.13592,
    38.7813
  ],
  "SJD": [
    -109.72100067138672,
    23.15180015563965
  ],
  "HKG": [
    113.915001,
    22.308901
  ],
  "TPE": [
    121.233002,
    25.0777
  ],
  "DTW": [
    -83.35340118408203,
    42.212398529052734
  ],
  "MEX": [
    -99.072098,
    19.4363
  ],
  "CPH": [
    12.656000137329,
    55.617900848389
  ],
  "DUB": [
    -6.27007,
    53.421299
  ],
  "SNN": [
    -8.92482,
    52.702
  ],
  "JRO": [
    37.0745010376,
    -3.42940998077
  ],
  "ARK": [
    36.63330078125,
    -3.3677899837493896
  ],
  "ZNZ": [
    39.224899,
    -6.22202
  ],
  "DAR": [
    39.202599,
    -6.87811
  ],
  "FRA": [
    8.570556,
    50.033333
  ],
  "MXP": [
    8.72811,
    45.6306
  ],
  "IAH": [
    -95.34140014648438,
    29.984399795532227
  ],
  "BJX": [
    -101.481003,
    20.9935
  ],
  "DXB": [
    55.3643989563,
    25.2527999878
  ],
  "WUX": [
    120.429000854,
    31.494400024399997
  ],
  "FUK": [
    130.4510040283203,
    33.585899353027344
  ],
  "VIE": [
    16.569700241089,
    48.110298156738
  ],
  "CUN": [
    -86.8770980835,
    21.036500930800003
  ],
  "GDL": [
    -103.31099700927734,
    20.521799087524414
  ],
  "GUM": [
    144.796005249,
    13.4834003448
  ],
  "NAN": [
    177.4429931640625,
    -17.755399703979492
  ],
  "TAE": [
    128.65531,
    35.896872
  ]
}
